{"guessed_super_pop":["EUR"],"PCA_coordinates":{"PC1":[-10.7508253202678],"PC2":[17.7965365737892],"PC3":[-3.52031127209604]},"SNP_count":["Based on 1973 of 1974 pre-computed ethnicity SNPs."]}
